rate3,rate4,rate5,rate6,rate7
0.0425531914893617,0.19148936170212766,0.3829787234042553,0.1702127659574468,0.2127659574468085
